{"cameraMode":{"drawMode":0,"name":"Shaded","section":"Shading Mode"},"sceneLighting":true,"audioPlay":false,"sceneViewState":{"m_AlwaysRefresh":false,"showFog":true,"showSkybox":true,"showFlares":true,"showImageEffects":true,"showParticleSystems":true,"showVisualEffectGraphs":true,"m_FxEnabled":true},"in2DMode":false,"pivot":{"x":-0.2523012161254883,"y":-0.6991367340087891,"z":0.6725387573242188},"rotation":{"x":-0.18323060870170594,"y":0.07473023980855942,"z":-0.013972143642604351,"w":-0.9801413416862488},"size":18.533260345458986,"orthographic":false}