{"cameraMode":{"drawMode":0,"name":"Shaded","section":"Shading Mode"},"sceneLighting":true,"audioPlay":false,"sceneViewState":{"m_AlwaysRefresh":false,"showFog":true,"showSkybox":true,"showFlares":true,"showImageEffects":true,"showParticleSystems":true,"showVisualEffectGraphs":true,"m_FxEnabled":true},"in2DMode":false,"pivot":{"x":0.5357935428619385,"y":0.8923391699790955,"z":1.7721920013427735},"rotation":{"x":-0.13930591940879823,"y":-0.026636730879545213,"z":0.003748631803318858,"w":-0.9898965358734131},"size":1.5780330896377564,"orthographic":false}